Smart TV  3220LS 32'' HD WiFi , 104.990,Gear SmartTV
"Smart TV 3220LSK1 32"" HD WiFi ", 104.990,Gear SmartTV
Smart TV 32PHD6825 32'' HD WiFi, 139.990,Philips SmartTV
"Smart TV 32E5610 32"" HD", 144.990,Hisense SmartTV
Smart TV 32S60 32'' HD WiFi AndroidTV, 149.990,TCL SmartTV
"Smart TV 32S5195 32"" HD con ROKU TV", 152.990,AOC SmartTV
"Smart tv Mi TV P1 32"" HD", 154.990,Xiaomi SmartTV
"Smart TV  4320LS 43"" Full HD WiFi ", 169.990,Gear SmartTV
Smart TV 32T4300 32'' HD WiFi, 179.990,Samsung SmartTV
"Smart TV LQ630B 32"" FHD WiFi", 179.990,LG SmartTV
"Smart TV 43S5195 43"" FHD con ROKU TV", 204.990,AOC SmartTV
"Smart TV 50"" 5020LS Ultra HD 4K WiFi ", 209.990,Gear SmartTV
"Smart TV 50U6305 50"" Ultra HD 4K WiFi", 209.990,AOC SmartTV
Smart TV 43E5610 43'' FHD, 214.990,Hisense SmartTV
Smart TV 40S65A 40'' Full HD WiFi, 219.990,TCL SmartTV
"Smart TV 50PUD7625 50"" Ultra HD 4K WiFi", 234.990,Philips SmartTV
"Smart TV Mi TV P1 43"" UHD", 244.990,Xiaomi SmartTV
"Smart TV 55"" 5520LS Ultra HD 4K WiFi ", 249.990,Gear SmartTV
Smart TV 43LM6370 43'' Full HD WiFi, 259.990,LG SmartTV
Smart TV 43T5202 43'' Full HD WiFi, 259.990,Samsung SmartTV
"Smart TV 43AU7090 43"" UHD 4K WiFi", 274.990,Samsung SmartTV
Smart TV 43UP7500 43'' Ultra HD 4K WiFi, 279.990,LG SmartTV
"Smart TV Mi TV P1 50"" LM Ultra HD 4K", 289.990,Xiaomi SmartTV
"Smart TV 43PUD7406 43"" UHD 4K Android", 299.990,Philips SmartTV
"Smart TV 58"" 5820LS Ultra HD 4K WiFi ", 299.990,Gear SmartTV
"Smart TV 50AU7090 50"" UHD 4K Wifi", 299.990,Samsung SmartTV
Smart TV 55P615 55'' Ultra HD 4K WiFi, 309.990,TCL SmartTV
"SmartTV UQ7500PSF 43""", 309.990,LG SmartTV
Smart TV 55UP7500 55'' Ultra HD 4K WiFi, 339.990,LG SmartTV
"Smart TV Mi TV P1 55"" Ultra HD 4K", 369.990,Xiaomi SmartTV
Smart TV LED 55 AU7090 UHD 4K, 374.990,Samsung SmartTV
"Smart TV 50UQ7500 50"" UHD 4K", 374.990,LG SmartTV
"Smart TV NanoCell 50"" 50NANO75 Ultra HD 4K WiFi", 389.990,LG SmartTV
"Smart TV 50PUD7406 50"" UHD 4K Android", 394.990,Philips SmartTV
Smart TV 60AU8000 60'' Crystal Ultra HD 4K WiFi, 399.990,Samsung SmartTV
"Smart TV NanoCell  50"" 50NANO80 Ultra HD 4K WiFi", 409.990,LG SmartTV
"SMartTV UQ7500 55"" 4K UHD", 409.990,LG SmartTV
"SmartTV NANO75SQA 43"" UHD 4K", 409.990,LG SmartTV
"Smart TV 50PUD7906 50"" UHD 4K Android Ambilight", 419.990,Philips SmartTV
"QLED Smart TV QN50Q60B 50"" UHD 4K", 429.990,Samsung SmartTV
"Smart TV 55PUD7406 55"" UHD 4K Android", 459.990,Philips SmartTV
"QLED The Frame Smart TV QN43LS03AA 43"" Ultra HD 4K WiFi", 464.990,Samsung SmartTV
Smart TV 50X80J 50'' Ultra HD 4K WiFi Google TV, 469.990,Sony SmartTV
"QLED Smart TV QN55Q60B 55"" UHD 4K", 469.990,Samsung SmartTV
"Smart TV 55PUD7906 55"" UHD 4K Android Ambilight", 484.990,Philips SmartTV
Smart TV LED 60 BU8000 Crystal UHD 4K , 489.990,Samsung SmartTV
Smart TV AU7000 65'' Ultra HD 4K WiFi, 549.990,Samsung SmartTV
"Smart TV NanoCell  55"" 55NANO75 Ultra HD 4K ", 559.990,LG SmartTV
Smart TV LED 65 AU7090 UHD 4K , 559.990,Samsung SmartTV
"Smart TV QLED QN55Q70AAGXZS 55"" 4K 120Hz", 579.990,Samsung SmartTV
"Smart TV 65OPUD7406 65"" UHD 4K Android", 599.990,Philips SmartTV
"Smart TV QLED The Frame 55"" UHD QN55LS03", 604.990,Samsung SmartTV
"Smart TV QLED QN55Q80A 55"" Ultra HD 4K 120Hz", 609.990,Samsung SmartTV
" Smart TV 65PUD7906 65"" UHD 4K Android Ambilight", 639.990,Philips SmartTV
"Smart TV NanoCell  55"" 55NANO80 Ultra HD 4K", 649.990,LG SmartTV
"Smart TV OLED 48"" A1 Ultra HD 4K WiFi ", 649.990,LG SmartTV
"Smart TV Neo QLED 43"" QN90B 4K Ultra HD ", 654.990,Samsung SmartTV
Smart TV AU7000 70'' Ultra HD 4K WiFi, 669.990,Samsung SmartTV
Smart TV 65X80J 65'' Ultra HD 4K WiFi, 679.990,Sony SmartTV
"Smart TV NanoCell  65"" 65NANO75 Ultra HD 4K WiFi ", 684.990,LG SmartTV
" Smart TV 70PUD7406 70"" UHD 4K Android", 689.990,Philips SmartTV
"Smart TV OLED 48"" C1 Ultra HD 4K WiFi", 699.990,LG SmartTV
"SmarTV NANO75SQA 65""", 719.990,LG SmartTV
"Smart TV OLED 55"" 55A1 Ultra HD 4K ", 749.990,LG SmartTV
Smart TV QLED QN65Q70A 65'' Ultra HD 4K 120Hz , 764.990,Samsung SmartTV
"Smart TV NanoCell 65"" 65NANO80 Ultra HD 4K ", 844.990,LG SmartTV
Smart TV 75UP7750 75'' Ultra HD 4K WiFi, 859.990,LG SmartTV
"Smart TV OLED 55"" 55C1 Ultra HD 4K WiFi 120Hz", 899.990,LG SmartTV
"Smart TV QNED MiniLED 90S 65"" Ultra HD 4K", 1.019.990,LG SmartTV
"Smart TV QLED The Frame QN65LS03B 65"" UHD 4K", 1.119.990,Samsung SmartTV
"Smart TV OLED 65"" 65A1 Ultra HD 4K WiFi", 1.149.990,LG SmartTV
"Â Smart TV 55OLED706 55"" OLED 4K Android Ambilight", 1.179.990,Philips SmartTV
"Smart TV OLED 65"" 65C1 Ultra HD 4K 120Hz", 1.779.990,LG SmartTV
"Smart TV OLED 65"" 65OLED935 Ambilight Ultra HD 4K WiFi", 2.299.990,Philips SmartTV
